1,2,3,4,5,6
,Pazartesi,Sali,Çarşamba,Perşembe,Cuma
08 : 00-08 : 50,,,,,
09 : 00-09 : 50,"BİL344-1
MÜHENDİSLİK BİNASI
F - 203","BİL395-1
MÜHENDİSLİK BİNASI
F - 202",,"BİL395-1
MÜHENDİSLİK BİNASI
F - 202","BİL210-2
MÜHENDİSLİK BİNASI
E - 508"
10 : 00-10 : 50,"BİL344-1
MÜHENDİSLİK BİNASI
F - 203","BİL395-1
MÜHENDİSLİK BİNASI
F - 202","BİL386-1
MÜHENDİSLİK BİNASI
F - 202","BİL395-1
MÜHENDİSLİK BİNASI
F - 202","BİL210-2
MÜHENDİSLİK BİNASI
E - 508"
11 : 00-11 : 50,"BİL344-1
MÜHENDİSLİK BİNASI
F - 203","BİL210-2
BELİRSİZ","BİL386-1
MÜHENDİSLİK BİNASI
F - 202",,"BİL210-2
MÜHENDİSLİK BİNASI
E - 508"
12 : 00-12 : 50,,"BİL210-2
BELİRSİZ","BİL386-1
MÜHENDİSLİK BİNASI
F - 202",,
13 : 00-13 : 50,,,,,
14 : 00-14 : 50,,,,,"BİL482-1
MÜHENDİSLİK BİNASI
F - 202"
15 : 00-15 : 50,"BİL386-1
MÜHENDİSLİK BİNASI
F - 203","BİL344-1
MÜHENDİSLİK BİNASI
B - 401",,,"BİL482-1
MÜHENDİSLİK BİNASI
F - 202"
16 : 00-16 : 50,"BİL386-1
MÜHENDİSLİK BİNASI
F - 203","BİL344-1
MÜHENDİSLİK BİNASI
B - 401",,,"BİL482-1
MÜHENDİSLİK BİNASI
F - 202"
